algorithm,trial,connection_time_ms,round_trip_time_ms,cpu_percent,memory_mb,success
RSA-2048,1,51.26642599998377,52.25520600015443,50.0,0.00390625,1
RSA-2048,2,47.70972400001483,48.57563100040352,12.700000000000003,0.0,1
RSA-2048,3,47.0199970000067,47.81328599983681,5.0,0.0,1
RSA-2048,4,47.09106600012092,47.85457800016957,7.399999999999999,0.0,1
RSA-2048,5,47.979151000163256,48.99340400015717,3.6000000000000014,0.0,1
RSA-2048,6,48.912442999608174,50.825501999952394,0.0,0.0,1
RSA-2048,7,45.76750100022764,46.4583110001513,0.0,0.0,1
RSA-2048,8,44.76021300024513,45.51517400022931,0.0,0.0,1
RSA-2048,9,44.86604099975011,45.57078499965428,11.1,0.0,1
RSA-2048,10,44.922043999577,45.59741099956227,18.2,0.0,1
ECC-P256,1,44.19932399969184,45.042303999707656,0.0,0.25,1
ECC-P256,2,44.78931500034378,45.46906800032957,20.0,0.0,1
ECC-P256,3,43.806530000438215,44.59626300013042,44.4,0.0,1
ECC-P256,4,44.7591009997268,45.46345900007509,0.0,0.0,1
ECC-P256,5,43.71752599990941,44.44044299998495,0.0,0.0,1
ECC-P256,6,43.85362199991505,44.58213199995953,6.3,0.0,1
ECC-P256,7,43.839418000061414,44.56380100009483,10.0,0.0,1
ECC-P256,8,43.88050399984422,44.725424999796815,11.1,0.00390625,1
ECC-P256,9,44.296368999766855,44.92324600005304,0.0,0.0,1
ECC-P256,10,43.94575899959818,44.614168999942194,35.2,0.0,1
